JWF Variation,JWF File,Status,Classification,Practical Params,Notes
acosech,AcosechFunc.java,VIABLE,VIABLE,0,
acosh,AcoshFunc.java,VIABLE,VIABLE,0,
acoth,AcothFunc.java,VIABLE,VIABLE,0,
affine3D,Affine3DFunc.java,NOT_VIABLE,3D,,
anamorphCyl,AnamorphCylFunc.java,EXISTS,,,
apocarpet,ApocarpetFunc.java,VIABLE,VIABLE,0,
apollony,ApollonyFunc.java,EXISTS,,,
arcTruchet,ArcTruchetFunc.java,NOT_VIABLE,BASE_SHAPE; init(),,
arch,ArchFunc.java,VIABLE,VIABLE,0,
arcsech2,Arcsech2Func.java,VIABLE,VIABLE,0,
arcsinh,ArcsinhFunc.java,VIABLE,VIABLE,0,
arctanh,ArctanhFunc.java,VIABLE,VIABLE,0,
asteria,AsteriaFunc.java,EXISTS,,,
atan,AtanFunc.java,EXISTS,,,
atan2_Spirals,Atan2_SpiralsFunc.java,NOT_VIABLE,TOO_MANY_PARAMS(42),,
attractorFlow,AttractorFlowFunc.java,NOT_VIABLE,3D,,
auger,AugerFunc.java,EXISTS,,,
bCollide,BCollideFunc.java,NOT_VIABLE,init(),,
bMod,BModFunc.java,VIABLE,VIABLE,6,
bSplit,BSplitFunc.java,VIABLE,VIABLE,6,
bSwirl,BSwirlFunc.java,VIABLE,VIABLE,6,
bTransform,BTransformFunc.java,EXISTS,,,
bWRands,BWRandsFunc.java,NOT_VIABLE,init(),,
bWraps7,BWraps7Func.java,NOT_VIABLE,init(),,
barycentroid,BarycentroidFunc.java,EXISTS,,,
bent,BentFunc.java,EXISTS,,,
bent2,Bent2Func.java,EXISTS,,,
bilinear,BilinearFunc.java,VIABLE,VIABLE,0,
bipolar,BipolarFunc.java,EXISTS,,,
bipolar2,Bipolar2Func.java,EXISTS,,,
blade,BladeFunc.java,EXISTS,,,
blade3D,Blade3DFunc.java,NOT_VIABLE,3D,,
blob,BlobFunc.java,EXISTS,,,
blob3D,Blob3DFunc.java,NOT_VIABLE,3D,,
blockY,BlockYFunc.java,EXISTS,,,
blur,BlurFunc.java,NOT_VIABLE,BLUR,,
blur3D,Blur3DFunc.java,NOT_VIABLE,3D,,
blurCircle,BlurCircleFunc.java,NOT_VIABLE,BASE_SHAPE,,
blurLinear,BlurLinearFunc.java,EXISTS,,,
blurPixelize,BlurPixelizeFunc.java,EXISTS,,,
blurZoom,BlurZoomFunc.java,EXISTS,,,
boarders,BoardersFunc.java,EXISTS,,,
boarders2,Boarders2Func.java,EXISTS,,,
boundingBox3D,BoundingBox3DFunc.java,NOT_VIABLE,3D,,
box3D,Box3DFunc.java,NOT_VIABLE,3D,,
boxfold,BoxfoldFunc.java,EXISTS,,,
brownian,BrownianFunc.java,NOT_VIABLE,SIMULATION; init(),,
brushStrokeWF,BrushStrokeWFFunc.java,NOT_VIABLE,DC/Color,,
bubble,BubbleFunc.java,EXISTS,,,
bubble2,Bubble2Func.java,EXISTS,,,
bubbleT3D,BubbleT3DFunc.java,NOT_VIABLE,3D,,
bubbleWF,BubbleWFFunc.java,NOT_VIABLE,DC/Color,,
bulge,BulgeFunc.java,EXISTS,,,
busyBrad,BusyBradFunc.java,NOT_VIABLE,init(),,
butterfly,ButterflyFunc.java,EXISTS,,,
butterfly3D,Butterfly3DFunc.java,NOT_VIABLE,3D,,
butterflyFay,ButterflyFayFunc.java,EXISTS,,,
cPow,CPowFunc.java,NOT_VIABLE,TOO_MANY_PARAMS(9),,
cPow2,CPow2Func.java,NOT_VIABLE,init(),,
cPow3,CPow3Func.java,NOT_VIABLE,init(),,
cPow3WF,CPow3WFFunc.java,NOT_VIABLE,DC/Color,,
cSin,CSinFunc.java,VIABLE,VIABLE,3,
cactusGlobe,CactusGlobeFunc.java,NOT_VIABLE,3D; BASE_SHAPE,,
camouflage,CamouflageFunc.java,EXISTS,,,
cannabisCurveWF,CannabisCurveWFFunc.java,NOT_VIABLE,DC/Color,,
cappedCone3D,CappedCone3DFunc.java,NOT_VIABLE,3D,,
cappedTorus3D,CappedTorus3DFunc.java,NOT_VIABLE,3D,,
capsule3D,Capsule3DFunc.java,NOT_VIABLE,3D,,
cardioid,CardioidFunc.java,EXISTS,,,
cell,CellFunc.java,EXISTS,,,
cell2,Cell2Func.java,EXISTS,,,
cell3D,Cell3DFunc.java,NOT_VIABLE,3D,,
chaosCubes,ChaosCubesFunc.java,EXISTS,,,
checkerboardWF,CheckerboardWFFunc.java,NOT_VIABLE,DC/Color,,
checks,ChecksFunc.java,EXISTS,,,
chrysanthemum,ChrysanthemumFunc.java,NOT_VIABLE,BASE_SHAPE,,
chunk,ChunkFunc.java,EXISTS,,,
circleBlur,CircleBlurFunc.java,NOT_VIABLE,BLUR,,
circleCrop,CircleCropFunc.java,NOT_VIABLE,init(),,
circleLinear,CircleLinearFunc.java,EXISTS,,,
circleRand,CircleRandFunc.java,EXISTS,,,
circleTrans1,CircleTrans1Func.java,NOT_VIABLE,TOO_MANY_PARAMS(15),,
circlesplit,CirclesplitFunc.java,EXISTS,,,
circlize,CirclizeFunc.java,EXISTS,,,
circlize2,Circlize2Func.java,EXISTS,,,
circular,CircularFunc.java,EXISTS,,,
circular2,Circular2Func.java,EXISTS,,,
circus,CircusFunc.java,EXISTS,,,
clifford,CliffordFunc.java,EXISTS,,,
cloverLeafWF,CloverLeafWFFunc.java,NOT_VIABLE,DC/Color,,
collideoscope,CollideoscopeFunc.java,EXISTS,,,
colorDomain,ColorDomainFunc.java,NOT_VIABLE,DC/Color,,
colorMapWF,ColorMapWFFunc.java,NOT_VIABLE,DC/Color,,
colorScaleWF,ColorScaleWFFunc.java,NOT_VIABLE,DC/Color,,
combimirror,CombimirrorFunc.java,NOT_VIABLE,3D; DC,,
complex,ComplexFunc.java,NOT_VIABLE,TOO_MANY_PARAMS(192),,
cone,ConeFunc.java,EXISTS,,,
cone3D,Cone3DFunc.java,NOT_VIABLE,3D,,
conic,ConicFunc.java,EXISTS,,,
conicalSpiral,ConicalSpiralFunc.java,NOT_VIABLE,3D; DC; BASE_SHAPE,,
corners,CornersFunc.java,EXISTS,,,
cos,CosFunc.java,VIABLE,VIABLE,0,
cos2_BS,Cos2_BSFunc.java,NOT_VIABLE,TOO_MANY_PARAMS(12),,
cosh,CoshFunc.java,VIABLE,VIABLE,0,
cosh2_BS,Cosh2_BSFunc.java,NOT_VIABLE,TOO_MANY_PARAMS(12),,
coshq,CoshqFunc.java,NOT_VIABLE,3D,,
cosine,CosineFunc.java,EXISTS,,,
cosq,CosqFunc.java,NOT_VIABLE,3D,,
cot,CotFunc.java,VIABLE,VIABLE,0,
cot2_BS,Cot2_BSFunc.java,NOT_VIABLE,TOO_MANY_PARAMS(12),,
coth,CothFunc.java,VIABLE,VIABLE,0,
coth2_BS,Coth2_BSFunc.java,NOT_VIABLE,TOO_MANY_PARAMS(12),,
cothq,CothqFunc.java,NOT_VIABLE,3D,,
cotq,CotqFunc.java,NOT_VIABLE,3D,,
crackle,CrackleFunc.java,NOT_VIABLE,BASE_SHAPE; SIMULATION; init(),,
crob,CrobFunc.java,EXISTS,,,
crop,CropFunc.java,NOT_VIABLE,init(),,
crop3D,Crop3DFunc.java,NOT_VIABLE,3D,,
cropBox,CropBoxFunc.java,NOT_VIABLE,TOO_MANY_PARAMS(9),,
cropCross,CropCrossFunc.java,NOT_VIABLE,TOO_MANY_PARAMS(12),,
cropPolygon,CropPolygonFunc.java,NOT_VIABLE,TOO_MANY_PARAMS(9),,
cropRhombus,CropRhombusFunc.java,NOT_VIABLE,TOO_MANY_PARAMS(9),,
cropStars,CropStarsFunc.java,NOT_VIABLE,TOO_MANY_PARAMS(12),,
cropTrapezoid,CropTrapezoidFunc.java,NOT_VIABLE,TOO_MANY_PARAMS(12),,
cropTriangle,CropTriangleFunc.java,NOT_VIABLE,TOO_MANY_PARAMS(18),,
cropVesica,CropVesicaFunc.java,NOT_VIABLE,TOO_MANY_PARAMS(9),,
cropX,CropXFunc.java,NOT_VIABLE,TOO_MANY_PARAMS(9),,
cross,CrossFunc.java,EXISTS,,,
crown,CrownFunc.java,NOT_VIABLE,3D; DC; BASE_SHAPE; init(),,
csc,CscFunc.java,VIABLE,VIABLE,0,
csc2_BS,Csc2_BSFunc.java,NOT_VIABLE,TOO_MANY_PARAMS(12),,
cscSquared,CscSquaredFunc.java,EXISTS,,,
csch,CschFunc.java,VIABLE,VIABLE,0,
csch2_BS,Csch2_BSFunc.java,NOT_VIABLE,TOO_MANY_PARAMS(12),,
cschq,CschqFunc.java,NOT_VIABLE,3D,,
cscq,CscqFunc.java,NOT_VIABLE,3D,,
cubicLattice3D,CubicLattice3DFunc.java,NOT_VIABLE,3D,,
cubic_3D,Cubic_3DFunc.java,NOT_VIABLE,3D,,
curl,CurlFunc.java,EXISTS,,,
curl3D,Curl3DFunc.java,NOT_VIABLE,3D,,
curlSp,CurlSpFunc.java,NOT_VIABLE,3D; DC; init(),,
curliecue,CurliecueFunc.java,NOT_VIABLE,DC; BASE_SHAPE; SIMULATION; init(),,
curve,CurveFunc.java,EXISTS,,,
customFullVariationWrapper,CustomFullVariationWrapperFunc.java,NOT_VIABLE,3D; init(),,
customWF,CustomWFFunc.java,NOT_VIABLE,DC/Color,,
cut2eWangTile,Cut2eWangTileFunc.java,NOT_VIABLE,BASE_SHAPE; SIMULATION; init(),,
cutAlienText,CutAlienTextFunc.java,NOT_VIABLE,BASE_SHAPE; SIMULATION; init(),,
cutApollonian,CutApollonianFunc.java,EXISTS,,,
cutBTree,CutBTreeFunc.java,NOT_VIABLE,BASE_SHAPE; SIMULATION; init(),,
cutBasicTruchet,CutBasicTruchetFunc.java,NOT_VIABLE,BASE_SHAPE; SIMULATION; init(),,
cutBooleans,CutBooleansFunc.java,NOT_VIABLE,BASE_SHAPE; SIMULATION; init(),,
cutBricks,CutBricksFunc.java,NOT_VIABLE,BASE_SHAPE; SIMULATION; init(),,
cutCeltic,CutCelticFunc.java,NOT_VIABLE,BASE_SHAPE; SIMULATION; init(),,
cutChains,CutChainsFunc.java,NOT_VIABLE,BASE_SHAPE; SIMULATION; init(),,
cutCircleDesign,CutCircleDesignFunc.java,EXISTS,,,
cutFingerPrint,CutFingerPrintFunc.java,NOT_VIABLE,BASE_SHAPE; SIMULATION,,
cutFractal,CutFractalFunc.java,EXISTS,,,
cutFun,CutFunFunc.java,NOT_VIABLE,BASE_SHAPE; SIMULATION; init(),,
cutGlypho,CutGlyphoFunc.java,NOT_VIABLE,BASE_SHAPE; SIMULATION,,
cutHexDots,CutHexDotsFunc.java,NOT_VIABLE,BASE_SHAPE; SIMULATION,,
cutHexTruchetFlow,CutHexTruchetFlowFunc.java,NOT_VIABLE,BASE_SHAPE; SIMULATION,,
cutJigsaw,CutJigsawFunc.java,NOT_VIABLE,BASE_SHAPE; SIMULATION; init(),,
cutKaleido,CutKaleidoFunc.java,NOT_VIABLE,BASE_SHAPE; SIMULATION; init(),,
cutKleinian,CutKleinianFunc.java,NOT_VIABLE,BASE_SHAPE; SIMULATION; init(),,
cutMagField,CutMagFieldFunc.java,NOT_VIABLE,BASE_SHAPE; SIMULATION; init(),,
cutMandala,CutMandalaFunc.java,NOT_VIABLE,BASE_SHAPE; SIMULATION; init(),,
cutMetaBalls,CutMetaBallsFunc.java,NOT_VIABLE,BASE_SHAPE; SIMULATION,,
cutPattern,CutPatternFunc.java,NOT_VIABLE,BASE_SHAPE; SIMULATION; init(),,
cutRGrid,CutRGridFunc.java,NOT_VIABLE,BASE_SHAPE; SIMULATION,,
cutRandomTile,CutRandomTileFunc.java,NOT_VIABLE,BASE_SHAPE; SIMULATION; init(),,
cutSWarp,CutSWarpFunc.java,NOT_VIABLE,BASE_SHAPE; SIMULATION; init(),,
cutShapes,CutShapesFunc.java,NOT_VIABLE,BASE_SHAPE; SIMULATION,,
cutSinCos,CutSinCosFunc.java,NOT_VIABLE,BASE_SHAPE; SIMULATION; init(),,
cutSnowflake,CutSnowflakeFunc.java,NOT_VIABLE,BASE_SHAPE; SIMULATION; init(),,
cutSpiral,CutSpiralFunc.java,NOT_VIABLE,BASE_SHAPE; SIMULATION; init(),,
cutSpiralCB,CutSpiralCBFunc.java,NOT_VIABLE,BASE_SHAPE; SIMULATION; init(),,
cutSpots,CutSpotsFunc.java,NOT_VIABLE,BASE_SHAPE; SIMULATION; init(),,
cutSqCir,CutSqCirFunc.java,NOT_VIABLE,BASE_SHAPE; SIMULATION; init(),,
cutSqSplits,CutSqSplitsFunc.java,NOT_VIABLE,BASE_SHAPE; SIMULATION; init(),,
cutTileIllusion,CutTileIllusionFunc.java,NOT_VIABLE,BASE_SHAPE; SIMULATION,,
cutTriScaleTruchet,CutTriScaleTruchetFunc.java,NOT_VIABLE,BASE_SHAPE; SIMULATION; init(),,
cutTrianTess,CutTrianTessFunc.java,NOT_VIABLE,BASE_SHAPE; SIMULATION; init(),,
cutTriskel,CutTriskelFunc.java,NOT_VIABLE,BASE_SHAPE; SIMULATION; init(),,
cutTruchet,CutTruchetFunc.java,NOT_VIABLE,BASE_SHAPE; SIMULATION; init(),,
cutTruchetWeaving,CutTruchetWeavingFunc.java,NOT_VIABLE,BASE_SHAPE; SIMULATION,,
cutVasarely,CutVasarelyFunc.java,NOT_VIABLE,BASE_SHAPE; SIMULATION,,
cutWeb,CutWebFunc.java,NOT_VIABLE,BASE_SHAPE; SIMULATION; init(),,
cutWood,CutWoodFunc.java,NOT_VIABLE,BASE_SHAPE; SIMULATION; init(),,
cutX,CutXFunc.java,NOT_VIABLE,BASE_SHAPE; SIMULATION,,
cutYuebing,CutYuebingFunc.java,NOT_VIABLE,BASE_SHAPE; SIMULATION,,
cutZ,CutZFunc.java,NOT_VIABLE,BASE_SHAPE; SIMULATION; init(),,
cutZigZag,CutZigZagFunc.java,NOT_VIABLE,BASE_SHAPE; init(),,
cylinder,CylinderFunc.java,EXISTS,,,
cylinder2,Cylinder2Func.java,VIABLE,VIABLE,0,
cylinder3D,Cylinder3DFunc.java,NOT_VIABLE,3D,,
cylinderApo,CylinderApoFunc.java,NOT_VIABLE,3D,,
dCBubble,DCBubbleFunc.java,NOT_VIABLE,DC; BASE_SHAPE; init(),,
dCCarpet,DCCarpetFunc.java,NOT_VIABLE,DC; init(),,
dCCarpet3D,DCCarpet3DFunc.java,NOT_VIABLE,3D,,
dCCracklePWF,DCCracklePWFFunc.java,NOT_VIABLE,DC/Color,,
dCCrackleWF,DCCrackleWFFunc.java,NOT_VIABLE,DC/Color,,
dCCube,DCCubeFunc.java,NOT_VIABLE,3D; DC; BASE_SHAPE,,
dCCylinder,DCCylinderFunc.java,NOT_VIABLE,3D; DC; BASE_SHAPE; init(),,
dCCylinder2,DCCylinder2Func.java,NOT_VIABLE,DC; BASE_SHAPE; init(),,
dCDModulus,DCDModulusFunc.java,NOT_VIABLE,DC; init(),,
dCGnarly,DCGnarlyFunc.java,NOT_VIABLE,DC; init(),,
dCHexesWF,DCHexesWFFunc.java,NOT_VIABLE,DC/Color,,
dCKaleidotile,DCKaleidotileFunc.java,NOT_VIABLE,DC; BASE_SHAPE; SIMULATION; init(),,
dCLinear,DCLinearFunc.java,NOT_VIABLE,DC; init(),,
dCPerlin,DCPerlinFunc.java,NOT_VIABLE,DC; BASE_SHAPE; SIMULATION; init(),,
dCTriTile,DCTriTileFunc.java,NOT_VIABLE,DC; BASE_SHAPE; SIMULATION; init(),,
dCTriangle,DCTriangleFunc.java,NOT_VIABLE,DC; init(),,
dCZTransl,DCZTranslFunc.java,NOT_VIABLE,3D; init(),,
dC_Acrilic,DC_AcrilicFunc.java,NOT_VIABLE,DC; BASE_SHAPE; SIMULATION,,
dC_Apollonian,DC_ApollonianFunc.java,NOT_VIABLE,DC; BASE_SHAPE; SIMULATION,,
dC_Base,DC_BaseFunc.java,NOT_VIABLE,init(),,
dC_Booleans,DC_BooleansFunc.java,NOT_VIABLE,DC; BASE_SHAPE; SIMULATION; init(),,
dC_Buterflies,DC_ButerfliesFunc.java,NOT_VIABLE,DC; BASE_SHAPE; SIMULATION; init(),,
dC_CairoTiles,DC_CairoTilesFunc.java,NOT_VIABLE,DC; BASE_SHAPE; SIMULATION,,
dC_CirclesBlue,DC_CirclesBlueFunc.java,NOT_VIABLE,DC; BASE_SHAPE; SIMULATION,,
dC_Circuits,DC_CircuitsFunc.java,NOT_VIABLE,DC; BASE_SHAPE; SIMULATION,,
dC_Code,DC_CodeFunc.java,NOT_VIABLE,DC; BASE_SHAPE; SIMULATION; init(),,
dC_Ducks,DC_DucksFunc.java,NOT_VIABLE,DC; BASE_SHAPE; SIMULATION,,
dC_FingerPrint,DC_FingerPrintFunc.java,NOT_VIABLE,DC; BASE_SHAPE; SIMULATION,,
dC_FractColor,DC_FractColorFunc.java,NOT_VIABLE,DC/Color,,
dC_FractalDots,DC_FractalDotsFunc.java,NOT_VIABLE,DC; BASE_SHAPE; SIMULATION,,
dC_GaborNoise,DC_GaborNoiseFunc.java,NOT_VIABLE,DC; BASE_SHAPE; SIMULATION,,
dC_GenericMandelbroot,DC_GenericMandelbrootFunc.java,NOT_VIABLE,DC; BASE_SHAPE; SIMULATION; init(),,
dC_Glypho,DC_GlyphoFunc.java,NOT_VIABLE,DC; BASE_SHAPE; SIMULATION,,
dC_Grid3D,DC_Grid3DFunc.java,NOT_VIABLE,3D,,
dC_Hexagons,DC_HexagonsFunc.java,NOT_VIABLE,DC; BASE_SHAPE; SIMULATION,,
dC_Hoshi,DC_HoshiFunc.java,NOT_VIABLE,DC; BASE_SHAPE; SIMULATION; init(),,
dC_Hyperbolic,DC_HyperbolicFunc.java,NOT_VIABLE,DC; BASE_SHAPE; SIMULATION,,
dC_Inversion,DC_InversionFunc.java,NOT_VIABLE,DC; BASE_SHAPE; SIMULATION; init(),,
dC_KaleidoComplex,DC_KaleidoComplexFunc.java,NOT_VIABLE,DC; BASE_SHAPE; SIMULATION,,
dC_Kaleidoscopic,DC_KaleidoscopicFunc.java,NOT_VIABLE,DC; BASE_SHAPE; SIMULATION,,
dC_KaliSet,DC_KaliSetFunc.java,NOT_VIABLE,DC; BASE_SHAPE; SIMULATION,,
dC_KaliSet2,DC_KaliSet2Func.java,NOT_VIABLE,DC; BASE_SHAPE; SIMULATION,,
dC_Layers,DC_LayersFunc.java,NOT_VIABLE,DC; BASE_SHAPE; SIMULATION,,
dC_MandBrot,DC_MandBrotFunc.java,NOT_VIABLE,DC; BASE_SHAPE; SIMULATION,,
dC_Mandala,DC_MandalaFunc.java,NOT_VIABLE,DC; BASE_SHAPE; SIMULATION; init(),,
dC_MandelBox2D,DC_MandelBox2DFunc.java,NOT_VIABLE,DC; BASE_SHAPE; SIMULATION,,
dC_Menger,DC_MengerFunc.java,NOT_VIABLE,DC; BASE_SHAPE; SIMULATION,,
dC_MoebiusLog,DC_MoebiusLogFunc.java,NOT_VIABLE,DC; BASE_SHAPE; SIMULATION,,
dC_PentaTiles,DC_PentaTilesFunc.java,NOT_VIABLE,DC; BASE_SHAPE; SIMULATION,,
dC_PoincareDisc,DC_PoincareDiscFunc.java,NOT_VIABLE,DC; BASE_SHAPE; SIMULATION; init(),,
dC_Portal,DC_PortalFunc.java,NOT_VIABLE,DC; BASE_SHAPE; SIMULATION; init(),,
dC_Quadtree,DC_QuadtreeFunc.java,NOT_VIABLE,DC; BASE_SHAPE; SIMULATION,,
dC_RandomOctree,DC_RandomOctreeFunc.java,NOT_VIABLE,DC; BASE_SHAPE; SIMULATION,,
dC_Rotations,DC_RotationsFunc.java,NOT_VIABLE,DC; BASE_SHAPE; SIMULATION,,
dC_Spacefold,DC_SpacefoldFunc.java,NOT_VIABLE,DC; BASE_SHAPE; SIMULATION; init(),,
dC_Squares,DC_SquaresFunc.java,NOT_VIABLE,DC; BASE_SHAPE; SIMULATION,,
dC_StarsField,DC_StarsFieldFunc.java,NOT_VIABLE,DC; BASE_SHAPE; SIMULATION,,
dC_SunFlower,DC_SunFlowerFunc.java,NOT_VIABLE,DC; BASE_SHAPE; SIMULATION,,
dC_Tesla,DC_TeslaFunc.java,NOT_VIABLE,DC; BASE_SHAPE; SIMULATION,,
dC_Tree,DC_TreeFunc.java,NOT_VIABLE,DC; BASE_SHAPE; SIMULATION,,
dC_TrianTess,DC_TrianTessFunc.java,NOT_VIABLE,DC; BASE_SHAPE; SIMULATION; init(),,
dC_Truchet,DC_TruchetFunc.java,NOT_VIABLE,DC; BASE_SHAPE; SIMULATION; init(),,
dC_Turbulence,DC_TurbulenceFunc.java,NOT_VIABLE,DC; BASE_SHAPE; SIMULATION,,
dC_Voronoise,DC_VoronoiseFunc.java,NOT_VIABLE,DC; BASE_SHAPE; SIMULATION,,
dC_Vortex,DC_VortexFunc.java,NOT_VIABLE,DC; BASE_SHAPE; SIMULATION; init(),,
dC_Warping,DC_WarpingFunc.java,NOT_VIABLE,DC; BASE_SHAPE; SIMULATION; init(),,
dC_Worley,DC_WorleyFunc.java,NOT_VIABLE,DC; BASE_SHAPE; SIMULATION,,
dLA3DWF,DLA3DWFFunc.java,NOT_VIABLE,3D; DC/Color,,
dLAWF,DLAWFFunc.java,NOT_VIABLE,DC/Color,,
dSpherical,DSphericalFunc.java,EXISTS,,,
deStijl,DeStijlFunc.java,NOT_VIABLE,DC,,
deltaA,DeltaAFunc.java,EXISTS,,,
devilWarp,DevilWarpFunc.java,EXISTS,,,
diamond,DiamondFunc.java,EXISTS,,,
dinisSurfaceWF,DinisSurfaceWFFunc.java,NOT_VIABLE,DC/Color,,
disc,DiscFunc.java,EXISTS,,,
disc2,Disc2Func.java,EXISTS,,,
disc3,Disc3Func.java,EXISTS,,,
disc3D,Disc3DFunc.java,NOT_VIABLE,3D,,
displacementMapWF,DisplacementMapWFFunc.java,NOT_VIABLE,DC/Color,,
dragon,DragonFunc.java,EXISTS,,,
drunkenTiles,DrunkenTilesFunc.java,NOT_VIABLE,TOO_MANY_PARAMS(45),,
ducks,DucksFunc.java,NOT_VIABLE,BASE_SHAPE; SIMULATION; init(),,
dustPoint,DustPointFunc.java,NOT_VIABLE,BASE_SHAPE; SIMULATION,,
eCollide,ECollideFunc.java,NOT_VIABLE,init(),,
eDisc,EDiscFunc.java,VIABLE,VIABLE,0,
eJulia,EJuliaFunc.java,NOT_VIABLE,init(),,
eMod,EModFunc.java,EXISTS,,,
eMotion,EMotionFunc.java,EXISTS,,,
ePush,EPushFunc.java,EXISTS,,,
eRotate,ERotateFunc.java,EXISTS,,,
eScale,EScaleFunc.java,EXISTS,,,
eSwirl,ESwirlFunc.java,EXISTS,,,
eclipse,EclipseFunc.java,EXISTS,,,
ellipsoid3D,Ellipsoid3DFunc.java,NOT_VIABLE,3D,,
elliptic,EllipticFunc.java,EXISTS,,,
elliptic2,Elliptic2Func.java,EXISTS,,,
ennepers,EnnepersFunc.java,VIABLE,VIABLE,0,
ennepers2,Ennepers2Func.java,NOT_VIABLE,3D,,
epispiral,EpispiralFunc.java,EXISTS,,,
epispiralWF,EpispiralWFFunc.java,NOT_VIABLE,DC/Color,,
erf,ErfFunc.java,EXISTS,,,
erf3D,Erf3DFunc.java,NOT_VIABLE,3D,,
escher,EscherFunc.java,EXISTS,,,
estiq,EstiqFunc.java,NOT_VIABLE,3D,,
ex,ExFunc.java,EXISTS,,,
exBlur,ExBlurFunc.java,NOT_VIABLE,BLUR; init(),,
exp,ExpFunc.java,EXISTS,,,
exp2_BS,Exp2_BSFunc.java,NOT_VIABLE,TOO_MANY_PARAMS(9),,
expMulti,ExpMultiFunc.java,NOT_VIABLE,TOO_MANY_PARAMS(24),,
exponential,ExponentialFunc.java,EXISTS,,,
extrude,ExtrudeFunc.java,VIABLE,VIABLE,3,
eyefish,EyefishFunc.java,EXISTS,,,
fDisc,FDiscFunc.java,NOT_VIABLE,TOO_MANY_PARAMS(24),,
f_Complex,F_ComplexFunc.java,NOT_VIABLE,DC; SIMULATION; init(),,
falloff2,Falloff2Func.java,NOT_VIABLE,DC/Color,,
falloff3,Falloff3Func.java,NOT_VIABLE,DC/Color,,
fan,FanFunc.java,EXISTS,,,
fan2,Fan2Func.java,EXISTS,,,
farBlur,FarBlurFunc.java,NOT_VIABLE,BLUR; init(),,
fibonacci2,Fibonacci2Func.java,EXISTS,,,
fisheye,FisheyeFunc.java,EXISTS,,,
flatten,FlattenFunc.java,VIABLE,VIABLE,0,
flipCircle,FlipCircleFunc.java,VIABLE,VIABLE,0,
flipY,FlipYFunc.java,VIABLE,VIABLE,0,
flora,FloraFunc.java,EXISTS,,,
flower,FlowerFunc.java,EXISTS,,,
flowerDb,FlowerDbFunc.java,NOT_VIABLE,init(),,
flux,FluxFunc.java,EXISTS,,,
foci,FociFunc.java,EXISTS,,,
foci_3D,Foci_3DFunc.java,NOT_VIABLE,3D,,
fourth,FourthFunc.java,EXISTS,,,
fractDragonWF,FractDragonWFFunc.java,NOT_VIABLE,DC/Color,,
fractFormulaJuliaWF,FractFormulaJuliaWFFunc.java,NOT_VIABLE,DC/Color,,
fractFormulaMandWF,FractFormulaMandWFFunc.java,NOT_VIABLE,DC/Color,,
fractJuliaWF,FractJuliaWFFunc.java,NOT_VIABLE,DC/Color,,
fractMandelbrotWF,FractMandelbrotWFFunc.java,NOT_VIABLE,DC/Color,,
fractMeteorsWF,FractMeteorsWFFunc.java,NOT_VIABLE,DC/Color,,
fractPearlsWF,FractPearlsWFFunc.java,NOT_VIABLE,DC/Color,,
fractSalamanderWF,FractSalamanderWFFunc.java,NOT_VIABLE,DC/Color,,
fresnel,FresnelFunc.java,EXISTS,,,
funnel,FunnelFunc.java,EXISTS,,,
gDOffs,GDOffsFunc.java,NOT_VIABLE,init(),,
gLSL,GLSLFunc.java,NOT_VIABLE,init(),,
gLSLAcrilic,GLSLAcrilicFunc.java,NOT_VIABLE,DC; BASE_SHAPE; SIMULATION,,
gLSLApollonian,GLSLApollonianFunc.java,NOT_VIABLE,DC; BASE_SHAPE; SIMULATION,,
gLSLBase,GLSLBaseFunc.java,NOT_VIABLE,DC; BASE_SHAPE; SIMULATION; init(),,
gLSLCirclesBlue,GLSLCirclesBlueFunc.java,NOT_VIABLE,DC; BASE_SHAPE; SIMULATION,,
gLSLCircuits,GLSLCircuitsFunc.java,NOT_VIABLE,DC; BASE_SHAPE; SIMULATION,,
gLSLFractalDots,GLSLFractalDotsFunc.java,NOT_VIABLE,DC; BASE_SHAPE; SIMULATION,,
gLSLGrid3D,GLSLGrid3DFunc.java,NOT_VIABLE,3D,,
gLSLHoshi,GLSLHoshiFunc.java,NOT_VIABLE,DC; BASE_SHAPE; SIMULATION; init(),,
gLSLHyperbolic,GLSLHyperbolicFunc.java,NOT_VIABLE,DC; BASE_SHAPE; SIMULATION,,
gLSLKaleidoComplex,GLSLKaleidoComplexFunc.java,NOT_VIABLE,DC; BASE_SHAPE; SIMULATION,,
gLSLKaleidoscopic,GLSLKaleidoscopicFunc.java,NOT_VIABLE,DC; BASE_SHAPE; SIMULATION,,
gLSLKaliSet,GLSLKaliSetFunc.java,NOT_VIABLE,DC; BASE_SHAPE; SIMULATION,,
gLSLKaliSet2,GLSLKaliSet2Func.java,NOT_VIABLE,DC; BASE_SHAPE; SIMULATION,,
gLSLMandala,GLSLMandalaFunc.java,NOT_VIABLE,DC; BASE_SHAPE; SIMULATION; init(),,
gLSLMandelBox2D,GLSLMandelBox2DFunc.java,NOT_VIABLE,DC; BASE_SHAPE; SIMULATION,,
gLSLRandomOctree,GLSLRandomOctreeFunc.java,NOT_VIABLE,DC; BASE_SHAPE; SIMULATION,,
gLSLSquares,GLSLSquaresFunc.java,NOT_VIABLE,DC; BASE_SHAPE; SIMULATION,,
gLSLStarsField,GLSLStarsFieldFunc.java,NOT_VIABLE,DC; BASE_SHAPE; SIMULATION,,
gPattern,GPatternFunc.java,NOT_VIABLE,BASE_SHAPE; SIMULATION; init(),,
gamma,GammaFunc.java,EXISTS,,,
gaussianBlur,GaussianBlurFunc.java,NOT_VIABLE,BLUR,,
geometricPrimitives,GeometricPrimitivesFunc.java,NOT_VIABLE,BASE_SHAPE,,
gingerBreadMan,GingerBreadManFunc.java,NOT_VIABLE,BASE_SHAPE,,
glitchy1,Glitchy1Func.java,NOT_VIABLE,3D; init(),,
glitchy2,Glitchy2Func.java,NOT_VIABLE,init(),,
glynnLissa,GlynnLissaFunc.java,NOT_VIABLE,SIMULATION; init(),,
glynnS3SubflWF,GlynnS3SubflWFFunc.java,NOT_VIABLE,DC/Color,,
glynnSim1,GlynnSim1Func.java,NOT_VIABLE,SIMULATION; init(),,
glynnSim2,GlynnSim2Func.java,NOT_VIABLE,SIMULATION; init(),,
glynnSim2B,GlynnSim2BFunc.java,NOT_VIABLE,3D; SIMULATION; init(),,
glynnSim3,GlynnSim3Func.java,NOT_VIABLE,SIMULATION; init(),,
glynnSpiroGraf3D,GlynnSpiroGraf3DFunc.java,NOT_VIABLE,3D,,
glynnSuperShape,GlynnSuperShapeFunc.java,NOT_VIABLE,init(),,
glynnia,GlynniaFunc.java,NOT_VIABLE,init(),,
glynnia3,Glynnia3Func.java,NOT_VIABLE,init(),,
gosperIsland,GosperIslandFunc.java,NOT_VIABLE,BASE_SHAPE; SIMULATION; init(),,
greebles,GreeblesFunc.java,NOT_VIABLE,3D; BASE_SHAPE,,
grid3DWF,Grid3DWFFunc.java,NOT_VIABLE,3D; DC/Color,,
gridout,GridoutFunc.java,VIABLE,VIABLE,0,
gridout2,Gridout2Func.java,EXISTS,,,
gridout3D,Gridout3DFunc.java,NOT_VIABLE,3D,,
gumowskiMira,GumowskiMiraFunc.java,NOT_VIABLE,TOO_MANY_PARAMS(13),,
hO,HOFunc.java,NOT_VIABLE,3D,,
hadamard,HadamardFunc.java,VIABLE,VIABLE,0,
hamid,HamidFunc.java,NOT_VIABLE,BASE_SHAPE; init(),,
handkerchief,HandkerchiefFunc.java,EXISTS,,,
harmonograph,HarmonographFunc.java,EXISTS,,,
heart,HeartFunc.java,EXISTS,,,
heartWF,HeartWFFunc.java,NOT_VIABLE,DC/Color,,
helicoid,HelicoidFunc.java,NOT_VIABLE,3D,,
helix,HelixFunc.java,NOT_VIABLE,3D,,
hemisphere,HemisphereFunc.java,NOT_VIABLE,3D,,
henon,HenonFunc.java,EXISTS,,,
hexModulus,HexModulusFunc.java,VIABLE,VIABLE,3,
hexPrism3D,HexPrism3DFunc.java,NOT_VIABLE,3D,,
hexaplay3D,Hexaplay3DFunc.java,NOT_VIABLE,3D,,
hexes,HexesFunc.java,EXISTS,,,
hexnix3D,Hexnix3DFunc.java,NOT_VIABLE,3D,,
hilbert,HilbertFunc.java,EXISTS,,,
hole,HoleFunc.java,EXISTS,,,
hole2,Hole2Func.java,EXISTS,,,
holesq,HolesqFunc.java,VIABLE,VIABLE,0,
hopalong,HopalongFunc.java,EXISTS,,,
horseshoe,HorseshoeFunc.java,EXISTS,,,
hourglass3D,Hourglass3DFunc.java,NOT_VIABLE,3D,,
htree,HtreeFunc.java,NOT_VIABLE,BASE_SHAPE; SIMULATION; init(),,
hyperbolic,HyperbolicFunc.java,EXISTS,,,
hyperbolicEllipse,HyperbolicEllipseFunc.java,EXISTS,,,
hypercrop,HypercropFunc.java,NOT_VIABLE,3D,,
hypershift,HypershiftFunc.java,VIABLE,VIABLE,6,
hypershift2,Hypershift2Func.java,NOT_VIABLE,3D,,
hypertile,HypertileFunc.java,EXISTS,,,
hypertile1,Hypertile1Func.java,NOT_VIABLE,init(),,
hypertile2,Hypertile2Func.java,EXISTS,,,
hypertile3D,Hypertile3DFunc.java,NOT_VIABLE,3D,,
hypertile3D1,Hypertile3D1Func.java,NOT_VIABLE,3D,,
hypertile3D2,Hypertile3D2Func.java,NOT_VIABLE,3D,,
hypertile3D2b,Hypertile3D2bFunc.java,NOT_VIABLE,3D,,
hypertile3Db,Hypertile3DbFunc.java,NOT_VIABLE,3D,,
iDisc,IDiscFunc.java,NOT_VIABLE,init(),,
iconAttractor,IconAttractorFunc.java,EXISTS,,,
inflateZ_1,InflateZ_1Func.java,VIABLE,VIABLE,0,
inflateZ_2,InflateZ_2Func.java,VIABLE,VIABLE,0,
inflateZ_3,InflateZ_3Func.java,VIABLE,VIABLE,0,
inflateZ_4,InflateZ_4Func.java,VIABLE,VIABLE,0,
inflateZ_5,InflateZ_5Func.java,VIABLE,VIABLE,0,
inflateZ_6,InflateZ_6Func.java,VIABLE,VIABLE,0,
internalPrePostAffinePostWF,InternalPrePostAffinePostWFFunc.java,NOT_VIABLE,DC/Color,,
internalPrePostAffinePreWF,InternalPrePostAffinePreWFFunc.java,NOT_VIABLE,DC/Color,,
internalSliceRangeIndicatorWF,InternalSliceRangeIndicatorWFFunc.java,NOT_VIABLE,DC/Color,,
intersection,IntersectionFunc.java,NOT_VIABLE,init(),,
invSquircular,InvSquircularFunc.java,VIABLE,VIABLE,0,
invTree,InvTreeFunc.java,VIABLE,VIABLE,0,
inversion,InversionFunc.java,EXISTS,,,
inverted_Julia,Inverted_JuliaFunc.java,NOT_VIABLE,TOO_MANY_PARAMS(27),,
invpolar,InvpolarFunc.java,VIABLE,VIABLE,0,
jacAsn,JacAsnFunc.java,NOT_VIABLE,TOO_MANY_PARAMS(9),,
jacCn,JacCnFunc.java,VIABLE,VIABLE,3,
jacDn,JacDnFunc.java,VIABLE,VIABLE,3,
jacElk,JacElkFunc.java,VIABLE,VIABLE,3,
jacSn,JacSnFunc.java,VIABLE,VIABLE,3,
japaneseMapleLeaf,JapaneseMapleLeafFunc.java,NOT_VIABLE,DC/Color,,
joukowski,JoukowskiFunc.java,EXISTS,,,
jubiQ,JubiQFunc.java,NOT_VIABLE,3D; init(),,
julia,JuliaFunc.java,EXISTS,,,
julia3D,Julia3DFunc.java,NOT_VIABLE,3D,,
julia3DQ,Julia3DQFunc.java,NOT_VIABLE,3D,,
julia3DZ,Julia3DZFunc.java,NOT_VIABLE,3D,,
juliaC,JuliaCFunc.java,NOT_VIABLE,TOO_MANY_PARAMS(9),,
juliaN,JuliaNFunc.java,EXISTS,,,
juliaN2,JuliaN2Func.java,NOT_VIABLE,init(),,
juliaN3DX,JuliaN3DXFunc.java,NOT_VIABLE,3D,,
juliaOutside,JuliaOutsideFunc.java,NOT_VIABLE,TOO_MANY_PARAMS(9),,
juliaQ,JuliaQFunc.java,EXISTS,,,
juliaScope,JuliaScopeFunc.java,EXISTS,,,
juliaScope3Db,JuliaScope3DbFunc.java,NOT_VIABLE,3D,,
juliaScopePlus,JuliaScopePlusFunc.java,NOT_VIABLE,DC; init(),,
kIFS3D,KIFS3DFunc.java,NOT_VIABLE,3D,,
kaleidoImg,KaleidoImgFunc.java,NOT_VIABLE,DC; BASE_SHAPE; SIMULATION; init(),,
kaleidoscope,KaleidoscopeFunc.java,EXISTS,,,
kaplan,KaplanFunc.java,EXISTS,,,
kleinGroup,KleinGroupFunc.java,NOT_VIABLE,BASE_SHAPE; SIMULATION; init(),,
knots3D,Knots3DFunc.java,NOT_VIABLE,3D,,
koch,KochFunc.java,EXISTS,,,
lace,LaceFunc.java,VIABLE,VIABLE,0,
layeredSpiral,LayeredSpiralFunc.java,VIABLE,VIABLE,3,
lazyJess,LazyJessFunc.java,NOT_VIABLE,init(),,
lazySensen,LazySensenFunc.java,EXISTS,,,
lazySusan,LazySusanFunc.java,EXISTS,,,
lazyTravis,LazyTravisFunc.java,NOT_VIABLE,init(),,
line,LineFunc.java,EXISTS,,,
linear,LinearFunc.java,EXISTS,,,
linear3D,Linear3DFunc.java,NOT_VIABLE,3D,,
linearT,LinearTFunc.java,EXISTS,,,
linearT3D,LinearT3DFunc.java,NOT_VIABLE,3D,,
lissajous,LissajousFunc.java,EXISTS,,,
log,LogFunc.java,VIABLE,VIABLE,0,
logApo,LogApoFunc.java,EXISTS,,,
logDb,LogDbFunc.java,NOT_VIABLE,init(),,
logTile2,LogTile2Func.java,EXISTS,,,
loonie,LoonieFunc.java,EXISTS,,,
loonie2,Loonie2Func.java,NOT_VIABLE,init(),,
loonie3,Loonie3Func.java,NOT_VIABLE,init(),,
loonie_3D,Loonie_3DFunc.java,NOT_VIABLE,3D,,
loq,LoqFunc.java,NOT_VIABLE,3D; init(),,
lorenz,LorenzFunc.java,NOT_VIABLE,3D; DC; init(),,
lozi,LoziFunc.java,EXISTS,,,
lsystem,LsystemFunc.java,NOT_VIABLE,BASE_SHAPE; SIMULATION; init(),,
mCarpet,MCarpetFunc.java,NOT_VIABLE,TOO_MANY_PARAMS(12),,
mSTruchet,MSTruchetFunc.java,NOT_VIABLE,DC; BASE_SHAPE; SIMULATION; init(),,
macMillan,MacMillanFunc.java,EXISTS,,,
mandala,MandalaFunc.java,NOT_VIABLE,DC; BASE_SHAPE; SIMULATION; init(),,
mandala2,Mandala2Func.java,NOT_VIABLE,DC; BASE_SHAPE; SIMULATION; init(),,
mandelbox2D,Mandelbox2DFunc.java,NOT_VIABLE,TOO_MANY_PARAMS(36),,
mandelbrot,MandelbrotFunc.java,NOT_VIABLE,3D; BASE_SHAPE; SIMULATION; init(),,
mapleLeaf,MapleLeafFunc.java,NOT_VIABLE,DC/Color,,
mask,MaskFunc.java,EXISTS,,,
maurerLines,MaurerLinesFunc.java,NOT_VIABLE,BASE_SHAPE; SIMULATION; init(),,
maurerRose,MaurerRoseFunc.java,EXISTS,,,
meeple,MeepleFunc.java,NOT_VIABLE,BASE_SHAPE,,
minkQM,MinkQMFunc.java,NOT_VIABLE,TOO_MANY_PARAMS(18),,
minkowskope,MinkowskopeFunc.java,NOT_VIABLE,init(),,
mobiq,MobiqFunc.java,NOT_VIABLE,3D,,
mobiqN,MobiqNFunc.java,NOT_VIABLE,3D; init(),,
mobius,MobiusFunc.java,EXISTS,,,
mobius3DWithInverse,Mobius3DWithInverseFunc.java,NOT_VIABLE,3D,,
mobiusDragon3D,MobiusDragon3DFunc.java,NOT_VIABLE,3D,,
mobiusN,MobiusNFunc.java,NOT_VIABLE,init(),,
mobiusStrip,MobiusStripFunc.java,NOT_VIABLE,3D; init(),,
modulus,ModulusFunc.java,EXISTS,,,
multiIFS,MultiIFSFunc.java,NOT_VIABLE,TOO_MANY_PARAMS(21),,
murl,MurlFunc.java,EXISTS,,,
murl2,Murl2Func.java,EXISTS,,,
nBlur,NBlurFunc.java,NOT_VIABLE,BASE_SHAPE; init(),,
nPolar,NPolarFunc.java,EXISTS,,,
nSudoku,NSudokuFunc.java,NOT_VIABLE,BASE_SHAPE; SIMULATION; init(),,
naturalFoam,NaturalFoamFunc.java,NOT_VIABLE,3D; SIMULATION,,
neuron3D,Neuron3DFunc.java,NOT_VIABLE,3D,,
ngon,NgonFunc.java,EXISTS,,,
oakLeaf,OakLeafFunc.java,NOT_VIABLE,BASE_SHAPE,,
octagon,OctagonFunc.java,EXISTS,,,
octahedron3D,Octahedron3DFunc.java,NOT_VIABLE,3D,,
octapol,OctapolFunc.java,NOT_VIABLE,3D; init(),,
octogonPrism3D,OctogonPrism3DFunc.java,NOT_VIABLE,3D,,
onion,OnionFunc.java,EXISTS,,,
onion2,Onion2Func.java,EXISTS,,,
orientedCappedCone3D,OrientedCappedCone3DFunc.java,NOT_VIABLE,3D,,
orientedCylinder3D,OrientedCylinder3DFunc.java,NOT_VIABLE,3D,,
orientedRoundCone3D,OrientedRoundCone3DFunc.java,NOT_VIABLE,3D,,
ortho,OrthoFunc.java,VIABLE,VIABLE,6,
oscilloscope,OscilloscopeFunc.java,EXISTS,,,
oscilloscope2,Oscilloscope2Func.java,EXISTS,,,
ovoid,OvoidFunc.java,VIABLE,VIABLE,6,
ovoid3D,Ovoid3DFunc.java,NOT_VIABLE,3D,,
pDJ,PDJFunc.java,NOT_VIABLE,TOO_MANY_PARAMS(12),,
pDJ3D,PDJ3DFunc.java,NOT_VIABLE,3D,,
pRose3D,PRose3DFunc.java,NOT_VIABLE,3D,,
pTransform,PTransformFunc.java,NOT_VIABLE,TOO_MANY_PARAMS(15),,
panorama1,Panorama1Func.java,VIABLE,VIABLE,0,
panorama2,Panorama2Func.java,VIABLE,VIABLE,0,
parabola,ParabolaFunc.java,EXISTS,,,
parallel,ParallelFunc.java,NOT_VIABLE,init(),,
perspective,PerspectiveFunc.java,EXISTS,,,
petal,PetalFunc.java,VIABLE,VIABLE,0,
petal3D,Petal3DFunc.java,NOT_VIABLE,3D,,
petal3DApo,Petal3DApoFunc.java,NOT_VIABLE,3D,,
phoenixJulia,PhoenixJuliaFunc.java,EXISTS,,,
pie,PieFunc.java,EXISTS,,,
pie3D,Pie3DFunc.java,NOT_VIABLE,3D,,
pixelFlow,PixelFlowFunc.java,EXISTS,,,
planeWF,PlaneWFFunc.java,NOT_VIABLE,DC/Color,,
plusRecip,PlusRecipFunc.java,VIABLE,VIABLE,6,
poincare3D,Poincare3DFunc.java,NOT_VIABLE,3D,,
pointGrid3DWF,PointGrid3DWFFunc.java,NOT_VIABLE,3D; DC/Color,,
pointGridWF,PointGridWFFunc.java,NOT_VIABLE,DC/Color,,
pointMirrorSymmetry,PointMirrorSymmetryFunc.java,NOT_VIABLE,init(),,
polar,PolarFunc.java,EXISTS,,,
polar2,Polar2Func.java,VIABLE,VIABLE,0,
polySurf,PolySurfFunc.java,NOT_VIABLE,3D; init(),,
polylogarithm,PolylogarithmFunc.java,NOT_VIABLE,init(),,
popcorn,PopcornFunc.java,EXISTS,,,
popcorn2,Popcorn2Func.java,EXISTS,,,
popcorn2_3D,Popcorn2_3DFunc.java,NOT_VIABLE,3D,,
postAexion3dCrop,PostAexion3dCropFunc.java,NOT_VIABLE,3D,,
postAffine3D,PostAffine3DFunc.java,NOT_VIABLE,3D,,
postAmazingSurfCrop,PostAmazingSurfCropFunc.java,NOT_VIABLE,3D; DC,,
postAxisSymmetryWF,PostAxisSymmetryWFFunc.java,NOT_VIABLE,DC/Color,,
postBWraps2,PostBWraps2Func.java,EXISTS,,,
postBenesiCrop,PostBenesiCropFunc.java,NOT_VIABLE,3D; DC,,
postBristorbrotCrop,PostBristorbrotCropFunc.java,NOT_VIABLE,3D; DC,,
postBrushStrokeWF,PostBrushStrokeWFFunc.java,NOT_VIABLE,DC/Color,,
postBulbTorusCrop,PostBulbTorusCropFunc.java,NOT_VIABLE,3D; DC,,
postBumpMapWF,PostBumpMapWFFunc.java,NOT_VIABLE,DC/Color,,
postCircleCrop,PostCircleCropFunc.java,EXISTS,,,
postCoastalbrotCrop,PostCoastalbrotCropFunc.java,NOT_VIABLE,3D; DC,,
postColorMapWF,PostColorMapWFFunc.java,NOT_VIABLE,DC/Color,,
postColorScaleWF,PostColorScaleWFFunc.java,NOT_VIABLE,DC/Color,,
postCrop,PostCropFunc.java,EXISTS,,,
postCropBox,PostCropBoxFunc.java,NOT_VIABLE,TOO_MANY_PARAMS(9),,
postCropCross,PostCropCrossFunc.java,NOT_VIABLE,TOO_MANY_PARAMS(12),,
postCropPolygon,PostCropPolygonFunc.java,NOT_VIABLE,TOO_MANY_PARAMS(9),,
postCropRhombus,PostCropRhombusFunc.java,NOT_VIABLE,TOO_MANY_PARAMS(9),,
postCropStars,PostCropStarsFunc.java,NOT_VIABLE,TOO_MANY_PARAMS(12),,
postCropTrapezoid,PostCropTrapezoidFunc.java,NOT_VIABLE,TOO_MANY_PARAMS(12),,
postCropTriangle,PostCropTriangleFunc.java,NOT_VIABLE,TOO_MANY_PARAMS(18),,
postCropVesica,PostCropVesicaFunc.java,NOT_VIABLE,TOO_MANY_PARAMS(9),,
postCropX,PostCropXFunc.java,NOT_VIABLE,TOO_MANY_PARAMS(9),,
postCrosscrop,PostCrosscropFunc.java,NOT_VIABLE,3D,,
postCurl,PostCurlFunc.java,EXISTS,,,
postCurl3D,PostCurl3DFunc.java,NOT_VIABLE,3D,,
postCustomWF,PostCustomWFFunc.java,NOT_VIABLE,DC/Color,,
postDCZTransl,PostDCZTranslFunc.java,NOT_VIABLE,3D; init(),,
postDepth,PostDepthFunc.java,NOT_VIABLE,3D,,
postDisplacementMapWF,PostDisplacementMapWFFunc.java,NOT_VIABLE,DC/Color,,
postFalloff2,PostFalloff2Func.java,NOT_VIABLE,DC/Color,,
postFalloff3,PostFalloff3Func.java,NOT_VIABLE,DC/Color,,
postFlatten,PostFlattenFunc.java,VIABLE,VIABLE,0,
postHeat,PostHeatFunc.java,NOT_VIABLE,3D; init(),,
postJulia3DQ,PostJulia3DQFunc.java,NOT_VIABLE,3D,,
postJuliaQ,PostJuliaQFunc.java,NOT_VIABLE,init(),,
postLogTile2,PostLogTile2Func.java,NOT_VIABLE,3D,,
postMandelbox3dCrop,PostMandelbox3dCropFunc.java,NOT_VIABLE,3D,,
postMandelbulb3dCrop,PostMandelbulb3dCropFunc.java,NOT_VIABLE,3D,,
postMirrorWF,PostMirrorWFFunc.java,NOT_VIABLE,DC/Color,,
postPointCrop,PostPointCropFunc.java,NOT_VIABLE,TOO_MANY_PARAMS(24),,
postPointSymmetryWF,PostPointSymmetryWFFunc.java,NOT_VIABLE,DC/Color,,
postRBlur,PostRBlurFunc.java,NOT_VIABLE,BLUR; init(),,
postRotateX,PostRotateXFunc.java,NOT_VIABLE,3D,,
postRotateY,PostRotateYFunc.java,NOT_VIABLE,3D,,
postRotateZ,PostRotateZFunc.java,NOT_VIABLE,3D,,
postSmartCrop,PostSmartCropFunc.java,NOT_VIABLE,init(),,
postSpherical,PostSphericalFunc.java,VIABLE,VIABLE,0,
postSpinZ,PostSpinZFunc.java,NOT_VIABLE,init(),,
postTrig,PostTrigFunc.java,NOT_VIABLE,TOO_MANY_PARAMS(51),,
postZScaleWF,PostZScaleWFFunc.java,NOT_VIABLE,DC/Color,,
postZSymmetry,PostZSymmetryFunc.java,NOT_VIABLE,init(),,
postZTranslateWF,PostZTranslateWFFunc.java,NOT_VIABLE,DC/Color,,
postZVar,PostZVarFunc.java,NOT_VIABLE,init(),,
powBlock,PowBlockFunc.java,EXISTS,,,
power,PowerFunc.java,EXISTS,,,
preAffine3D,PreAffine3DFunc.java,NOT_VIABLE,3D,,
preBWraps2,PreBWraps2Func.java,NOT_VIABLE,init(),,
preBlur,PreBlurFunc.java,NOT_VIABLE,BLUR; init(),,
preBlur3D,PreBlur3DFunc.java,NOT_VIABLE,3D,,
preBoarders2,PreBoarders2Func.java,NOT_VIABLE,init(),,
preCircleCrop,PreCircleCropFunc.java,NOT_VIABLE,init(),,
preCrop,PreCropFunc.java,NOT_VIABLE,init(),,
preCurl,PreCurlFunc.java,EXISTS,,,
preCustomWF,PreCustomWFFunc.java,NOT_VIABLE,DC/Color,,
preDCZTransl,PreDCZTranslFunc.java,NOT_VIABLE,3D; init(),,
preDisc,PreDiscFunc.java,VIABLE,VIABLE,0,
preDisc3D,PreDisc3DFunc.java,NOT_VIABLE,3D,,
preFalloff3,PreFalloff3Func.java,NOT_VIABLE,DC/Color,,
preFlatten,PreFlattenFunc.java,VIABLE,VIABLE,0,
prePostAffine,PrePostAffineFunc.java,NOT_VIABLE,3D; init(),,
prePostBlob,PrePostBlobFunc.java,NOT_VIABLE,init(),,
prePostCirclize,PrePostCirclizeFunc.java,NOT_VIABLE,init(),,
prePostMobius,PrePostMobiusFunc.java,NOT_VIABLE,TOO_MANY_PARAMS(24),,
preRecip,PreRecipFunc.java,NOT_VIABLE,3D,,
preRectWF,PreRectWFFunc.java,NOT_VIABLE,DC/Color,,
preRotateX,PreRotateXFunc.java,NOT_VIABLE,3D,,
preRotateY,PreRotateYFunc.java,VIABLE,VIABLE,0,
preSinusoidal3D,PreSinusoidal3DFunc.java,NOT_VIABLE,3D,,
preSpherical,PreSphericalFunc.java,VIABLE,VIABLE,0,
preSpinZ,PreSpinZFunc.java,NOT_VIABLE,init(),,
preStabilize,PreStabilizeFunc.java,NOT_VIABLE,DC; init(),,
preSubFlameWF,PreSubFlameWFFunc.java,NOT_VIABLE,DC/Color,,
preWave3DWF,PreWave3DWFFunc.java,NOT_VIABLE,3D; DC/Color,,
preZScale,PreZScaleFunc.java,VIABLE,VIABLE,0,
preZSymmetry,PreZSymmetryFunc.java,NOT_VIABLE,init(),,
preZTranslate,PreZTranslateFunc.java,VIABLE,VIABLE,0,
preZVar,PreZVarFunc.java,NOT_VIABLE,init(),,
pressure_Wave,Pressure_WaveFunc.java,VIABLE,VIABLE,6,
primitivesWF,PrimitivesWFFunc.java,NOT_VIABLE,DC/Color,,
projective,ProjectiveFunc.java,EXISTS,,,
pulse,PulseFunc.java,EXISTS,,,
pyramid,PyramidFunc.java,EXISTS,,,
pyramid3D,Pyramid3DFunc.java,NOT_VIABLE,3D,,
q_ode,Q_odeFunc.java,EXISTS,,,
quad,QuadFunc.java,NOT_VIABLE,init(),,
quaternion,QuaternionFunc.java,NOT_VIABLE,3D; init(),,
r_Circleblur,R_CircleblurFunc.java,NOT_VIABLE,BASE_SHAPE; BLUR,,
radialBlur,RadialBlurFunc.java,EXISTS,,,
rational3,Rational3Func.java,EXISTS,,,
rays,RaysFunc.java,EXISTS,,,
rays1,Rays1Func.java,VIABLE,VIABLE,0,
rays2,Rays2Func.java,VIABLE,VIABLE,0,
rays3,Rays3Func.java,VIABLE,VIABLE,0,
rectangles,RectanglesFunc.java,EXISTS,,,
recurrencePlot,RecurrencePlotFunc.java,NOT_VIABLE,BASE_SHAPE; SIMULATION; init(),,
rhodonea,RhodoneaFunc.java,NOT_VIABLE,BASE_SHAPE; SIMULATION; init(),,
rhombus3D,Rhombus3DFunc.java,NOT_VIABLE,3D,,
ringSubFlame,RingSubFlameFunc.java,NOT_VIABLE,3D; BASE_SHAPE; SIMULATION; init(),,
ringTile,RingTileFunc.java,NOT_VIABLE,TOO_MANY_PARAMS(15),,
ringer,RingerFunc.java,NOT_VIABLE,init(),,
rings,RingsFunc.java,EXISTS,,,
rings2,Rings2Func.java,EXISTS,,,
rings3,Rings3Func.java,NOT_VIABLE,init(),,
ripple,RippleFunc.java,EXISTS,,,
rippled,RippledFunc.java,VIABLE,VIABLE,0,
romanesco,RomanescoFunc.java,NOT_VIABLE,3D; DC; BASE_SHAPE,,
roseWF,RoseWFFunc.java,NOT_VIABLE,DC/Color,,
rosoni,RosoniFunc.java,NOT_VIABLE,init(),,
roundBox3D,RoundBox3DFunc.java,NOT_VIABLE,3D,,
roundSpher,RoundSpherFunc.java,VIABLE,VIABLE,0,
roundSpher3D,RoundSpher3DFunc.java,NOT_VIABLE,3D,,
rsquares,RsquaresFunc.java,EXISTS,,,
sTwin,STwinFunc.java,EXISTS,,,
sVF,SVFFunc.java,NOT_VIABLE,3D,,
sVGWF,SVGWFFunc.java,NOT_VIABLE,DC/Color,,
sZubieta,SZubietaFunc.java,NOT_VIABLE,BASE_SHAPE; SIMULATION; init(),,
sattractor,SattractorFunc.java,EXISTS,,,
scrambly,ScramblyFunc.java,NOT_VIABLE,init(),,
scry,ScryFunc.java,EXISTS,,,
scry2,Scry2Func.java,EXISTS,,,
scry3D,Scry3DFunc.java,NOT_VIABLE,3D,,
seaShell3D,SeaShell3DFunc.java,NOT_VIABLE,3D,,
sec,SecFunc.java,VIABLE,VIABLE,0,
sec2_BS,Sec2_BSFunc.java,NOT_VIABLE,TOO_MANY_PARAMS(12),,
secant2,Secant2Func.java,VIABLE,VIABLE,0,
sech,SechFunc.java,VIABLE,VIABLE,0,
sech2_BS,Sech2_BSFunc.java,NOT_VIABLE,TOO_MANY_PARAMS(12),,
sechq,SechqFunc.java,NOT_VIABLE,3D,,
secq,SecqFunc.java,NOT_VIABLE,3D,,
separation,SeparationFunc.java,EXISTS,,,
shapeWarp,ShapeWarpFunc.java,NOT_VIABLE,TOO_MANY_PARAMS(60),,
shift,ShiftFunc.java,EXISTS,,,
shredded,ShreddedFunc.java,NOT_VIABLE,3D,,
shredlin,ShredlinFunc.java,NOT_VIABLE,TOO_MANY_PARAMS(12),,
shredrad,ShredradFunc.java,EXISTS,,,
siercarpet,SiercarpetFunc.java,NOT_VIABLE,SIMULATION,,
sigmoid,SigmoidFunc.java,EXISTS,,,
sin,SinFunc.java,VIABLE,VIABLE,0,
sin2_BS,Sin2_BSFunc.java,NOT_VIABLE,TOO_MANY_PARAMS(12),,
sineBlur,SineBlurFunc.java,EXISTS,,,
sinh,SinhFunc.java,VIABLE,VIABLE,0,
sinh2_BS,Sinh2_BSFunc.java,NOT_VIABLE,TOO_MANY_PARAMS(12),,
sinhq,SinhqFunc.java,NOT_VIABLE,3D,,
sinq,SinqFunc.java,NOT_VIABLE,3D,,
sintrange,SintrangeFunc.java,EXISTS,,,
sinusGrid,SinusGridFunc.java,EXISTS,,,
sinusoidal,SinusoidalFunc.java,EXISTS,,,
sinusoidal3D,Sinusoidal3DFunc.java,NOT_VIABLE,3D,,
snowflakeWF,SnowflakeWFFunc.java,NOT_VIABLE,DC/Color,,
solidAngle3D,SolidAngle3DFunc.java,NOT_VIABLE,3D,,
sph3D,Sph3DFunc.java,NOT_VIABLE,3D,,
sphTiling3V2,SphTiling3V2Func.java,NOT_VIABLE,DC,,
sphereCrop,SphereCropFunc.java,NOT_VIABLE,3D; init(),,
sphereNja,SphereNjaFunc.java,NOT_VIABLE,3D,,
spherical,SphericalFunc.java,EXISTS,,,
spherical3D,Spherical3DFunc.java,NOT_VIABLE,3D,,
spherical3DWF,Spherical3DWFFunc.java,NOT_VIABLE,3D; DC/Color,,
sphericalN,SphericalNFunc.java,EXISTS,,,
spiral,SpiralFunc.java,EXISTS,,,
spiralwing,SpiralwingFunc.java,VIABLE,VIABLE,0,
spirograph,SpirographFunc.java,EXISTS,,,
spirograph3D,Spirograph3DFunc.java,NOT_VIABLE,3D,,
spligon,SpligonFunc.java,NOT_VIABLE,init(),,
splipticBS,SplipticBSFunc.java,NOT_VIABLE,init(),,
split,SplitFunc.java,EXISTS,,,
splitBrdr,SplitBrdrFunc.java,NOT_VIABLE,TOO_MANY_PARAMS(12),,
splits,SplitsFunc.java,EXISTS,,,
splits3D,Splits3DFunc.java,NOT_VIABLE,3D,,
sqrt_Acosech,Sqrt_AcosechFunc.java,VIABLE,VIABLE,0,
sqrt_Acosh,Sqrt_AcoshFunc.java,VIABLE,VIABLE,0,
sqrt_Acoth,Sqrt_AcothFunc.java,VIABLE,VIABLE,0,
sqrt_Asech,Sqrt_AsechFunc.java,VIABLE,VIABLE,0,
sqrt_Asinh,Sqrt_AsinhFunc.java,VIABLE,VIABLE,0,
sqrt_Atanh,Sqrt_AtanhFunc.java,VIABLE,VIABLE,0,
square,SquareFunc.java,EXISTS,,,
square3D,Square3DFunc.java,NOT_VIABLE,3D,,
squarize,SquarizeFunc.java,EXISTS,,,
squircular,SquircularFunc.java,EXISTS,,,
squirrel,SquirrelFunc.java,EXISTS,,,
squish,SquishFunc.java,EXISTS,,,
starBlur,StarBlurFunc.java,EXISTS,,,
starFractal,StarFractalFunc.java,NOT_VIABLE,BASE_SHAPE; SIMULATION; init(),,
stripes,StripesFunc.java,EXISTS,,,
stripfit,StripfitFunc.java,EXISTS,,,
subFlameWF,SubFlameWFFunc.java,NOT_VIABLE,DC/Color,,
sunFlowers,SunFlowersFunc.java,NOT_VIABLE,BASE_SHAPE; SIMULATION; init(),,
sunflowerVoroni,SunflowerVoroniFunc.java,NOT_VIABLE,BASE_SHAPE; SIMULATION; init(),,
superShape,SuperShapeFunc.java,EXISTS,,,
superShape3D,SuperShape3DFunc.java,NOT_VIABLE,3D,,
svensson,SvenssonFunc.java,EXISTS,,,
swirl,SwirlFunc.java,EXISTS,,,
swirl3,Swirl3Func.java,EXISTS,,,
swirl3DWF,Swirl3DWFFunc.java,NOT_VIABLE,3D; DC/Color,,
symBandG1,SymBandG1Func.java,EXISTS,,,
symBandG2,SymBandG2Func.java,EXISTS,,,
symBandG3,SymBandG3Func.java,EXISTS,,,
symBandG4,SymBandG4Func.java,EXISTS,,,
symBandG5,SymBandG5Func.java,EXISTS,,,
symBandG6,SymBandG6Func.java,EXISTS,,,
symBandG7,SymBandG7Func.java,EXISTS,,,
symNetG1,SymNetG1Func.java,EXISTS,,,
symNetG10,SymNetG10Func.java,EXISTS,,,
symNetG11,SymNetG11Func.java,EXISTS,,,
symNetG12,SymNetG12Func.java,EXISTS,,,
symNetG13,SymNetG13Func.java,EXISTS,,,
symNetG14,SymNetG14Func.java,EXISTS,,,
symNetG15,SymNetG15Func.java,EXISTS,,,
symNetG16,SymNetG16Func.java,EXISTS,,,
symNetG17,SymNetG17Func.java,EXISTS,,,
symNetG2,SymNetG2Func.java,EXISTS,,,
symNetG3,SymNetG3Func.java,EXISTS,,,
symNetG4,SymNetG4Func.java,EXISTS,,,
symNetG5,SymNetG5Func.java,EXISTS,,,
symNetG6,SymNetG6Func.java,EXISTS,,,
symNetG7,SymNetG7Func.java,EXISTS,,,
symNetG8,SymNetG8Func.java,EXISTS,,,
symNetG9,SymNetG9Func.java,EXISTS,,,
synth,SynthFunc.java,NOT_VIABLE,SIMULATION,,
tQMirror,TQMirrorFunc.java,NOT_VIABLE,TOO_MANY_PARAMS(66),,
tan,TanFunc.java,VIABLE,VIABLE,0,
tan2_BS,Tan2_BSFunc.java,NOT_VIABLE,TOO_MANY_PARAMS(12),,
tanCos,TanCosFunc.java,VIABLE,VIABLE,0,
tangent,TangentFunc.java,EXISTS,,,
tangent3D,Tangent3DFunc.java,NOT_VIABLE,3D,,
tanh,TanhFunc.java,EXISTS,,,
tanh2_BS,Tanh2_BSFunc.java,NOT_VIABLE,TOO_MANY_PARAMS(12),,
tanhq,TanhqFunc.java,NOT_VIABLE,3D,,
tanq,TanqFunc.java,NOT_VIABLE,3D,,
taprats,TapratsFunc.java,NOT_VIABLE,BASE_SHAPE; SIMULATION; init(),,
target,TargetFunc.java,EXISTS,,,
targetSp,TargetSpFunc.java,NOT_VIABLE,init(),,
taurus,TaurusFunc.java,NOT_VIABLE,3D,,
tessShape,TessShapeFunc.java,NOT_VIABLE,BASE_SHAPE,,
textWF,TextWFFunc.java,NOT_VIABLE,DC/Color,,
threePointIFS,ThreePointIFSFunc.java,VIABLE,VIABLE,0,
threeply,ThreeplyFunc.java,NOT_VIABLE,BASE_SHAPE,,
tileHlp,TileHlpFunc.java,VIABLE,VIABLE,3,
tile_Log,Tile_LogFunc.java,NOT_VIABLE,3D,,
tile_Reverse_,Tile_Reverse_Func.java,NOT_VIABLE,TOO_MANY_PARAMS(9),,
torus3D,Torus3DFunc.java,NOT_VIABLE,3D,,
trade,TradeFunc.java,EXISTS,,,
tree,TreeFunc.java,EXISTS,,,
triPrism3D,TriPrism3DFunc.java,NOT_VIABLE,3D,,
trianTruchet,TrianTruchetFunc.java,NOT_VIABLE,DC; SIMULATION; init(),,
triangle,TriangleFunc.java,NOT_VIABLE,3D; BASE_SHAPE,,
truchet,TruchetFunc.java,NOT_VIABLE,DC; SIMULATION; init(),,
truchet2,Truchet2Func.java,EXISTS,,,
truchetAE,TruchetAEFunc.java,NOT_VIABLE,DC; BASE_SHAPE; SIMULATION; init(),,
truchetFill,TruchetFillFunc.java,NOT_VIABLE,SIMULATION; init(),,
truchetFlow,TruchetFlowFunc.java,NOT_VIABLE,SIMULATION,,
truchetHexCrop,TruchetHexCropFunc.java,NOT_VIABLE,SIMULATION,,
truchetHexFill,TruchetHexFillFunc.java,NOT_VIABLE,SIMULATION,,
tunnel,TunnelFunc.java,EXISTS,,,
twintrian,TwintrianFunc.java,EXISTS,,,
twoFace,TwoFaceFunc.java,EXISTS,,,
unpolar,UnpolarFunc.java,EXISTS,,,
vibration2,Vibration2Func.java,NOT_VIABLE,TOO_MANY_PARAMS(78),,
vogel,VogelFunc.java,EXISTS,,,
voron,VoronFunc.java,NOT_VIABLE,SIMULATION,,
vortex,VortexFunc.java,NOT_VIABLE,init(),,
w,WFunc.java,NOT_VIABLE,DC/Color,,
wDisc,WDiscFunc.java,VIABLE,VIABLE,0,
waffle,WaffleFunc.java,EXISTS,,,
wallPaper,WallPaperFunc.java,EXISTS,,,
wangTiles,WangTilesFunc.java,NOT_VIABLE,DC; BASE_SHAPE; init(),,
waveBlurWF,WaveBlurWFFunc.java,NOT_VIABLE,DC/Color,,
waves,WavesFunc.java,EXISTS,,,
waves2,Waves2Func.java,EXISTS,,,
waves22,Waves22Func.java,NOT_VIABLE,TOO_MANY_PARAMS(24),,
waves23,Waves23Func.java,NOT_VIABLE,TOO_MANY_PARAMS(12),,
waves2B,Waves2BFunc.java,NOT_VIABLE,init(),,
waves2Radial,Waves2RadialFunc.java,NOT_VIABLE,TOO_MANY_PARAMS(18),,
waves2WF,Waves2WFFunc.java,NOT_VIABLE,DC/Color,,
waves2_3D,Waves2_3DFunc.java,NOT_VIABLE,3D,,
waves3,Waves3Func.java,EXISTS,,,
waves3WF,Waves3WFFunc.java,NOT_VIABLE,DC/Color,,
waves4,Waves4Func.java,EXISTS,,,
waves42,Waves42Func.java,NOT_VIABLE,TOO_MANY_PARAMS(21),,
waves4WF,Waves4WFFunc.java,NOT_VIABLE,DC/Color,,
wedge,WedgeFunc.java,EXISTS,,,
wedgeJulia,WedgeJuliaFunc.java,EXISTS,,,
wedgeSph,WedgeSphFunc.java,NOT_VIABLE,TOO_MANY_PARAMS(12),,
whirligig,WhirligigFunc.java,VIABLE,VIABLE,3,
whitneyUmbrella,WhitneyUmbrellaFunc.java,NOT_VIABLE,3D,,
whorl,WhorlFunc.java,EXISTS,,,
woggle,WoggleFunc.java,EXISTS,,,
x,XFunc.java,NOT_VIABLE,init(),,
xErf,XErfFunc.java,NOT_VIABLE,3D,,
xHeart,XHeartFunc.java,NOT_VIABLE,init(),,
xHeartBlurWF,XHeartBlurWFFunc.java,NOT_VIABLE,DC/Color,,
xTrb,XTrbFunc.java,NOT_VIABLE,init(),,
y,YFunc.java,NOT_VIABLE,init(),,
yinYang,YinYangFunc.java,EXISTS,,,
z,ZFunc.java,NOT_VIABLE,init(),,
zBlur,ZBlurFunc.java,NOT_VIABLE,BLUR; init(),,
zCone,ZConeFunc.java,VIABLE,VIABLE,0,
zScale,ZScaleFunc.java,VIABLE,VIABLE,0,
zSymmetry,ZSymmetryFunc.java,NOT_VIABLE,init(),,
zTranslate,ZTranslateFunc.java,VIABLE,VIABLE,0,
zTwister,ZTwisterFunc.java,VIABLE,VIABLE,6,
zVar,ZVarFunc.java,NOT_VIABLE,init(),,

SUMMARY,,EXISTS:243,NOT_VIABLE:543,VIABLE:90,Total:876
